<launch>
 <!-- <rosparam file="$(find handsfree_hw)/config/arm_controller.yaml" command="load"/>
 -->
 
  <rosparam file="$(find handsfree_hw)/config/joint_state_controller.yaml" command="load"/>
  
  <rosparam file="$(find handsfree_hw)/config/base_controller.yaml" command="load"/>
  <rosparam file="$(find handsfree_hw)/config/lifting_controller.yaml" command="load"/>
  <!--
  <rosparam file="$(find handsfree_hw)/config/gripper_controller.yaml" command="load"/>


  <node name="arm_controller_spawner" pkg="controller_manager" type="spawner" respawn="false" output="screen"  ns="/mobile_base" args="xm_arm_controller"/>
-->  
  <!--args=controller name-->
  <!--<node name="lifting_controller_spawner" pkg="controller_manager" type="spawner" respawn="false" output="screen"  ns="/mobile_base" args="xm_lifting_controller"/>
-->
  <node name="state_controller_spawner" pkg="controller_manager" type="spawner" respawn="false" output="screen"  ns="/mobile_base" args="joint_state_controller" />

  <node name="base_controller_spawner" pkg="controller_manager" type="spawner" respawn="false" output="screen"  ns="/mobile_base" args="mobile_base_controller"/>
<!--
  <node name="gripper_controller_spawner" pkg="controller_manager" type="spawner" respawn="false" output="screen"  ns="/mobile_base" args="gripper_controller"/>
  -->
</launch>
